,PLAYER,SALARY
1,"Mike Trout
CENTER FIELD","$37,666,666"
2,"Gerrit Cole
STARTING PITCHER","$36,000,000"
3,"Max Scherzer
STARTING PITCHER","$35,920,616"
4,"Stephen Strasburg
STARTING PITCHER","$35,000,000"
,"Nolan Arenado
3RD BASE","$35,000,000"
,"Zack Greinke
STARTING PITCHER","$35,000,000"
7,"Justin Verlander
STARTING PITCHER","$33,000,000"
8,"Manny Machado
3RD BASE","$32,000,000"
,"David Price
STARTING PITCHER","$32,000,000"
10,"Clayton Kershaw
STARTING PITCHER","$31,000,000"
11,"Chris Sale
STARTING PITCHER","$30,000,000"
,"Miguel Cabrera
DESIGNATED HITTER","$30,000,000"
13,"Yoenis Cespedes
CENTER FIELD","$29,500,000"
14,"Jose Altuve
2ND BASE","$29,000,000"
,"Albert Pujols
1ST BASE","$29,000,000"
16,"Bryce Harper
RIGHT FIELD","$27,538,462"
17,"Mookie Betts
RIGHT FIELD","$27,000,000"
18,"Anthony Rendon
3RD BASE","$26,071,428"
19,"Giancarlo Stanton
DESIGNATED HITTER","$26,000,000"
,"Paul Goldschmidt
1ST BASE","$26,000,000"
21,"Jacob deGrom
STARTING PITCHER","$25,500,000"
22,"Joey Votto
1ST BASE","$25,000,000"
,"Jordan Zimmermann
STARTING PITCHER","$25,000,000"
24,"Robinson Cano
2ND BASE","$24,000,000"
25,"J.D. Martinez
DESIGNATED HITTER","$23,750,000"
26,"Jason Heyward
RIGHT FIELD","$23,500,000"
27,"Masahiro Tanaka
STARTING PITCHER","$23,000,000"
28,"Wil Myers
LEFT FIELD","$22,500,000"
29,"Freddie Freeman
1ST BASE","$22,359,375"
30,"Buster Posey
CATCHER","$22,177,777"
31,"Yu Darvish
STARTING PITCHER","$22,000,000"
32,"Zack Wheeler
STARTING PITCHER","$21,500,000"
33,"Charlie Blackmon
RIGHT FIELD","$21,333,333"
34,"Chris Davis
1ST BASE","$21,118,782"
35,"Eric Hosmer
1ST BASE","$21,000,000"
,"Shin-Soo Choo
DESIGNATED HITTER","$21,000,000"
,"Josh Donaldson
3RD BASE","$21,000,000"
,"Johnny Cueto
STARTING PITCHER","$21,000,000"
,"George Springer
CENTER FIELD","$21,000,000"
,"Justin Upton
LEFT FIELD","$21,000,000"
41,"Carlos Santana
1ST BASE","$20,833,334"
42,"Jake Arrieta
STARTING PITCHER","$20,000,000"
,"Yadier Molina
CATCHER","$20,000,000"
,"Justin Turner
3RD BASE","$20,000,000"
,"Xander Bogaerts
SHORTSTOP","$20,000,000"
,"Jon Lester
STARTING PITCHER","$20,000,000"
,"Hyun-Jin Ryu
STARTING PITCHER","$20,000,000"
48,"Jeff Samardzija
STARTING PITCHER","$19,800,000"
49,"Kyle Seager
3RD BASE","$19,500,000"
50,"Patrick Corbin
STARTING PITCHER","$19,416,666"
51,"Mark Melancon
RELIEF PITCHER","$19,000,000"
52,"Kris Bryant
3RD BASE","$18,600,000"
53,"Matt Carpenter
3RD BASE","$18,500,000"
54,"Yasmani Grandal
CATCHER","$18,250,000"
55,"Dallas Keuchel
STARTING PITCHER","$18,000,000"
,"Kenley Jansen
RELIEF PITCHER","$18,000,000"
,"Cole Hamels
STARTING PITCHER","$18,000,000"
,"Marcell Ozuna
LEFT FIELD","$18,000,000"
59,"Jake Odorizzi
STARTING PITCHER","$17,800,000"
60,"Corey Kluber
STARTING PITCHER","$17,500,000"
,"Francisco Lindor
SHORTSTOP","$17,500,000"
,"Trevor Bauer
STARTING PITCHER","$17,500,000"
63,"Aroldis Chapman
RELIEF PITCHER","$17,200,000"
,"Brandon Belt
1ST BASE","$17,200,000"
65,"Wade Davis
RELIEF PITCHER","$17,000,000"
,"Andrew McCutchen
LEFT FIELD","$17,000,000"
,"J.A. Happ
STARTING PITCHER","$17,000,000"
,"Nathan Eovaldi
STARTING PITCHER","$17,000,000"
,"Yasmany Tomas
LEFT FIELD","$17,000,000"
,"Ryan Braun
1ST BASE","$17,000,000"
71,"Miles Mikolas
STARTING PITCHER","$16,750,000"
,"Khris Davis
DESIGNATED HITTER","$16,750,000"
73,"Ian Kennedy
RELIEF PITCHER","$16,500,000"
,"Dexter Fowler
RIGHT FIELD","$16,500,000"
,"Anthony Rizzo
1ST BASE","$16,500,000"
76,"Nick Castellanos
RIGHT FIELD","$16,000,000"
,"Craig Kimbrel
RELIEF PITCHER","$16,000,000"
,"Michael Brantley
LEFT FIELD","$16,000,000"
79,"Yusei Kikuchi
STARTING PITCHER","$15,500,000"
80,"Elvis Andrus
SHORTSTOP","$15,250,000"
,"Danny Duffy
STARTING PITCHER","$15,250,000"
82,"Brandon Crawford
SHORTSTOP","$15,200,000"
83,"Ian Desmond
CENTER FIELD","$15,000,000"
,"A.J. Pollock
LEFT FIELD","$15,000,000"
,"Evan Longoria
3RD BASE","$15,000,000"
,"Charlie Morton
STARTING PITCHER","$15,000,000"
,"Mike Leake
STARTING PITCHER","$15,000,000"
,"Lorenzo Cain
CENTER FIELD","$15,000,000"
,"Andrelton Simmons
SHORTSTOP","$15,000,000"
90,"Jean Segura
2ND BASE","$14,850,000"
91,"Rusney Castillo
LEFT FIELD","$14,271,428"
92,"Salvador Perez
CATCHER","$14,200,000"
93,"Jay Bruce
RIGHT FIELD","$14,000,000"
,"Didi Gregorius
SHORTSTOP","$14,000,000"
,"Alex Cobb
STARTING PITCHER","$14,000,000"
96,"Dee Gordon
2ND BASE","$13,800,000"
97,"Dustin Pedroia
2ND BASE","$13,125,000"
98,"Zack Britton
RELIEF PITCHER","$13,000,000"
,"Tyler Chatwood
STARTING PITCHER","$13,000,000"
,"Randal Grichuk
CENTER FIELD","$13,000,000"
,"Josh Reddick
RIGHT FIELD","$13,000,000"
,"Will Smith
RELIEF PITCHER","$13,000,000"
,"Marcus Semien
SHORTSTOP","$13,000,000"
104,"Jose Abreu
1ST BASE","$12,666,666"
,"Alex Bregman
3RD BASE","$12,666,666"
106,"James Paxton
STARTING PITCHER","$12,500,000"
,"Christian Yelich
LEFT FIELD","$12,500,000"
108,"Mike Moustakas
2ND BASE","$12,000,000"
,"D.J. LeMahieu
2ND BASE","$12,000,000"
,"Edwin Encarnacion
DESIGNATED HITTER","$12,000,000"
,"Nelson Cruz
DESIGNATED HITTER","$12,000,000"
,"Kyle Hendricks
STARTING PITCHER","$12,000,000"
,"Tanner Roark
STARTING PITCHER","$12,000,000"
,"Marcus Stroman
STARTING PITCHER","$12,000,000"
115,"Carlos Martinez
STARTING PITCHER","$11,700,000"
116,"Jeurys Familia
RELIEF PITCHER","$11,666,666"
117,"Andrew Miller
RELIEF PITCHER","$11,500,000"
,"Cody Bellinger
CENTER FIELD","$11,500,000"
,"Starling Marte
CENTER FIELD","$11,500,000"
,"Jed Lowrie
2ND BASE","$11,500,000"
121,"Lance Lynn
STARTING PITCHER","$11,333,333"
122,"Kyle Gibson
STARTING PITCHER","$11,000,000"
,"David Robertson
RELIEF PITCHER","$11,000,000"
,"Jackie Bradley Jr.
CENTER FIELD","$11,000,000"
125,"Aaron Hicks
CENTER FIELD","$10,785,714"
126,"Alex Colome
RELIEF PITCHER","$10,532,500"
127,"Luis Severino
STARTING PITCHER","$10,500,000"
,"Jose Quintana
STARTING PITCHER","$10,500,000"
129,"Carlos Carrasco
STARTING PITCHER","$10,250,000"
,"Kolten Wong
2ND BASE","$10,250,000"
,"Wilson Ramos
CATCHER","$10,250,000"
132,"Sonny Gray
STARTING PITCHER","$10,166,666"
,"Kevin Kiermaier
CENTER FIELD","$10,166,666"
134,"J.T. Realmuto
CATCHER","$10,000,000"
,"Brett Gardner
CENTER FIELD","$10,000,000"
,"Michael Pineda
STARTING PITCHER","$10,000,000"
,"Blake Treinen
RELIEF PITCHER","$10,000,000"
,"Javier Baez
SHORTSTOP","$10,000,000"
,"Roberto Osuna
RELIEF PITCHER","$10,000,000"
,"Rick Porcello
STARTING PITCHER","$10,000,000"
141,"Mike Minor
STARTING PITCHER","$9,833,334"
142,"Noah Syndergaard
STARTING PITCHER","$9,700,000"
143,"Ken Giles
RELIEF PITCHER","$9,600,000"
144,"Eugenio Suarez
3RD BASE","$9,535,714"
145,"Adam Eaton
RIGHT FIELD","$9,500,000"
,"Jake McGee
RELIEF PITCHER","$9,500,000"
147,"Robbie Ray
STARTING PITCHER","$9,430,000"
148,"Rougned Odor
2ND BASE","$9,333,333"
149,"Anibal Sanchez
STARTING PITCHER","$9,000,000"
,"Trevor Story
SHORTSTOP","$9,000,000"
,"Bryan Shaw
RELIEF PITCHER","$9,000,000"
,"Adam Ottavino
RELIEF PITCHER","$9,000,000"
,"Marwin Gonzalez
3RD BASE","$9,000,000"
,"Raisel Iglesias
RELIEF PITCHER","$9,000,000"
,"Kevin Gausman
STARTING PITCHER","$9,000,000"
,"Chris Archer
STARTING PITCHER","$9,000,000"
,"Julio Teheran
STARTING PITCHER","$9,000,000"
158,"Ryan Pressly
RELIEF PITCHER","$8,750,000"
159,"Yulieski Gurriel
1ST BASE","$8,700,000"
160,"Gregory Polanco
RIGHT FIELD","$8,600,000"
161,"Garrett Richards
STARTING PITCHER","$8,500,000"
,"Aaron Nola
STARTING PITCHER","$8,500,000"
,"Aaron Judge
RIGHT FIELD","$8,500,000"
,"Kelvin Herrera
RELIEF PITCHER","$8,500,000"
,"Joe Kelly
RELIEF PITCHER","$8,500,000"
,"Chase Anderson
STARTING PITCHER","$8,500,000"
,"Joakim Soria
RELIEF PITCHER","$8,500,000"
168,"Eduardo Rodriguez
STARTING PITCHER","$8,300,000"
169,"Jonathan Villar
CENTER FIELD","$8,200,000"
170,"Michael Fiers
STARTING PITCHER","$8,100,000"
171,"Will Harris
RELIEF PITCHER","$8,000,000"
,"Corey Dickerson
LEFT FIELD","$8,000,000"
,"Jordan Lyles
STARTING PITCHER","$8,000,000"
,"Daniel Murphy
1ST BASE","$8,000,000"
,"Travis d'Arnaud
CATCHER","$8,000,000"
,"Carlos Correa
SHORTSTOP","$8,000,000"
,"Michael Conforto
RIGHT FIELD","$8,000,000"
178,"Tommy Pham
LEFT FIELD","$7,900,000"
179,"Eddie Rosario
LEFT FIELD","$7,750,000"
,"Joc Pederson
LEFT FIELD","$7,750,000"
181,"Ender Inciarte
CENTER FIELD","$7,700,000"
182,"Corey Seager
SHORTSTOP","$7,600,000"
,"Blake Snell
STARTING PITCHER","$7,600,000"
184,"Dellin Betances
RELIEF PITCHER","$7,500,000"
185,"Trea Turner
SHORTSTOP","$7,450,000"
186,"Odubel Herrera
CENTER FIELD","$7,350,000"
187,"Stephen Piscotty
RIGHT FIELD","$7,333,333"
188,"Jorge Soler
DESIGNATED HITTER","$7,300,000"
189,"Brett Cecil
RELIEF PITCHER","$7,250,000"
,"Avisail Garcia
LEFT FIELD","$7,250,000"
191,"Eduardo Escobar
3RD BASE","$7,166,666"
192,"Kirby Yates
RELIEF PITCHER","$7,062,500"
193,"Kyle Schwarber
LEFT FIELD","$7,010,000"
194,"Brad Hand
RELIEF PITCHER","$7,000,000"
,"Homer Bailey
STARTING PITCHER","$7,000,000"
,"Miguel Sano
1ST BASE","$7,000,000"
,"Chris Martin
RELIEF PITCHER","$7,000,000"
,"David Peralta
LEFT FIELD","$7,000,000"
199,"Jason Castro
CATCHER","$6,850,000"
200,"Jose Ramirez
3RD BASE","$6,650,000"
201,"Sean Doolittle
RELIEF PITCHER","$6,500,000"
,"Yaisel Sierra
STARTING PITCHER","$6,500,000"
203,"Mike Foltynewicz
STARTING PITCHER","$6,425,000"
204,"Nick Ahmed
SHORTSTOP","$6,375,000"
205,"Cesar Hernandez
2ND BASE","$6,250,000"
,"Max Kepler
RIGHT FIELD","$6,250,000"
,"Shane Greene
RELIEF PITCHER","$6,250,000"
208,"C.J. Cron
1ST BASE","$6,100,000"
,"Jonathan Schoop
2ND BASE","$6,100,000"
210,"Starlin Castro
2ND BASE","$6,000,000"
,"Kurt Suzuki
CATCHER","$6,000,000"
,"Drew Pomeranz
RELIEF PITCHER","$6,000,000"
,"Shogo Akiyama
CENTER FIELD","$6,000,000"
,"Wade Miley
STARTING PITCHER","$6,000,000"
,"Madison Bumgarner
STARTING PITCHER","$6,000,000"
,"Kole Calhoun
RIGHT FIELD","$6,000,000"
217,"Anthony DeSclafani
STARTING PITCHER","$5,900,000"
,"Enrique Hernandez
CENTER FIELD","$5,900,000"
219,"Robinson Chirinos
CATCHER","$5,750,000"
,"Felipe Vazquez
RELIEF PITCHER","$5,750,000"
221,"Jurickson Profar
2ND BASE","$5,700,000"
222,"Jon Gray
STARTING PITCHER","$5,600,000"
,"Chris Taylor
2ND BASE","$5,600,000"
224,"Nomar Mazara
RIGHT FIELD","$5,560,000"
225,"Jake Lamb
1ST BASE","$5,515,000"
226,"Freddy Galvis
SHORTSTOP","$5,500,000"
,"Martin Perez
STARTING PITCHER","$5,500,000"
,"Yusmeiro Petit
RELIEF PITCHER","$5,500,000"
229,"James McCann
CATCHER","$5,400,000"
230,"Matt Boyd
STARTING PITCHER","$5,300,000"
,"Liam Hendriks
RELIEF PITCHER","$5,300,000"
232,"Zach Davies
STARTING PITCHER","$5,250,000"
,"Steve Cishek
RELIEF PITCHER","$5,250,000"
234,"Corey Knebel
RELIEF PITCHER","$5,125,000"
235,"Edwin Diaz
RELIEF PITCHER","$5,100,000"
236,"Daniel Hudson
RELIEF PITCHER","$5,000,000"
,"Whit Merrifield
CENTER FIELD","$5,000,000"
,"Gary Sanchez
CATCHER","$5,000,000"
,"Adam Wainwright
STARTING PITCHER","$5,000,000"
,"Yoshitomo Tsutsugo
DESIGNATED HITTER","$5,000,000"
,"Brett Anderson
STARTING PITCHER","$5,000,000"
,"Dylan Bundy
STARTING PITCHER","$5,000,000"
,"Steven Matz
STARTING PITCHER","$5,000,000"
,"Justin Wilson
RELIEF PITCHER","$5,000,000"
245,"German Marquez
STARTING PITCHER","$4,800,000"
,"Josh Bell
1ST BASE","$4,800,000"
,"Mark Canha
LEFT FIELD","$4,800,000"
248,"Miguel Rojas
SHORTSTOP","$4,750,000"
,"Sergio Romo
RELIEF PITCHER","$4,750,000"
,"Trey Mancini
RIGHT FIELD","$4,750,000"
251,"Hector Neris
RELIEF PITCHER","$4,600,000"
252,"Luis Robert
OUTFIELDERS","$4,500,000"
,"Gio Gonzalez
STARTING PITCHER","$4,500,000"
,"Willson Contreras
CATCHER","$4,500,000"
,"Mike Zunino
CATCHER","$4,500,000"
256,"Taylor Rogers
RELIEF PITCHER","$4,450,000"
,"Carlos Rodon
STARTING PITCHER","$4,450,000"
258,"Joey Gallo
RIGHT FIELD","$4,400,000"
259,"Andrew Heaney
STARTING PITCHER","$4,300,000"
260,"Alex Avila
CATCHER","$4,250,000"
,"Kevin Pillar
CENTER FIELD","$4,250,000"
262,"Matt Shoemaker
STARTING PITCHER","$4,200,000"
,"Christian Vazquez
CATCHER","$4,200,000"
264,"Austin Romine
CATCHER","$4,150,000"
265,"Mike Clevinger
STARTING PITCHER","$4,100,000"
,"Lance McCullers
STARTING PITCHER","$4,100,000"
,"Josh Hader
RELIEF PITCHER","$4,100,000"
,"Archie Bradley
RELIEF PITCHER","$4,100,000"
269,"Jose Berrios
STARTING PITCHER","$4,025,000"
270,"Yan Gomes
CATCHER","$4,000,000"
,"Howie Kendrick
2ND BASE","$4,000,000"
,"Craig Stammen
RELIEF PITCHER","$4,000,000"
,"Jesse Chavez
RELIEF PITCHER","$4,000,000"
,"Alex Gordon
LEFT FIELD","$4,000,000"
,"Kwang-hyun Kim
RELIEF PITCHER","$4,000,000"
,"Tim Anderson
SHORTSTOP","$4,000,000"
,"Drew Smyly
STARTING PITCHER","$4,000,000"
,"Pedro Baez
RELIEF PITCHER","$4,000,000"
,"Travis Shaw
1ST BASE","$4,000,000"
,"Alex Wood
STARTING PITCHER","$4,000,000"
,"Joe Smith
RELIEF PITCHER","$4,000,000"
,"Justin Smoak
1ST BASE","$4,000,000"
,"Eric Sogard
2ND BASE","$4,000,000"
,"Tyler Flowers
CATCHER","$4,000,000"
,"Nick Markakis
RIGHT FIELD","$4,000,000"
,"Ketel Marte
2ND BASE","$4,000,000"
287,"Tucker Barnhart
CATCHER","$3,937,500"
288,"Brad Peacock
STARTING PITCHER","$3,900,000"
289,"Hansel Robles
RELIEF PITCHER","$3,850,000"
290,"Jorge Polanco
SHORTSTOP","$3,833,333"
291,"Jose Urena
STARTING PITCHER","$3,750,000"
,"Sean Manaea
STARTING PITCHER","$3,750,000"
293,"Michael Lorenzen
RELIEF PITCHER","$3,725,000"
,"Keone Kela
RELIEF PITCHER","$3,725,000"
,"Robbie Grossman
OUTFIELDERS","$3,725,000"
296,"Roberto Perez
CATCHER","$3,625,000"
297,"Daniel Santana
CENTER FIELD","$3,600,000"
,"Vincent Velasquez
STARTING PITCHER","$3,600,000"
299,"Todd Frazier
3RD BASE","$3,500,000"
,"Brandon Workman
RELIEF PITCHER","$3,500,000"
,"Martin Maldonado
CATCHER","$3,500,000"
302,"Andrew Benintendi
LEFT FIELD","$3,400,000"
303,"Michael Taylor
CENTER FIELD","$3,325,000"
304,"Jake Marisnick
CENTER FIELD","$3,312,500"
305,"Hunter Renfroe
RIGHT FIELD","$3,300,000"
306,"Leury Garcia
2ND BASE","$3,250,000"
,"Adam Duvall
RIGHT FIELD","$3,250,000"
,"Tommy La Stella
2ND BASE","$3,250,000"
309,"Mychal Givens
RELIEF PITCHER","$3,225,000"
310,"Shun Yamaguchi
RELIEF PITCHER","$3,175,000"
311,"Dansby Swanson
SHORTSTOP","$3,150,000"
312,"Kenta Maeda
STARTING PITCHER","$3,125,000"
313,"Mike Montgomery
STARTING PITCHER","$3,100,000"
,"Matt Barnes
RELIEF PITCHER","$3,100,000"
315,"Byron Buxton
CENTER FIELD","$3,075,000"
316,"Andrew Chafin
RELIEF PITCHER","$3,045,000"
317,"Josh Lindblom
STARTING PITCHER","$3,041,666"
318,"Mitch Haniger
RIGHT FIELD","$3,010,000"
319,"Eric Thames
1ST BASE","$3,000,000"
,"Austin Hedges
CATCHER","$3,000,000"
,"Brandon Kintzler
RELIEF PITCHER","$3,000,000"
,"Jeff Mathis
CATCHER","$3,000,000"
,"Oliver Perez
RELIEF PITCHER","$3,000,000"
,"Rich Hill
STARTING PITCHER","$3,000,000"
,"Wilmer Flores
2ND BASE","$3,000,000"
,"Hunter Pence
RIGHT FIELD","$3,000,000"
,"Tony Watson
RELIEF PITCHER","$3,000,000"
,"Merrill Kelly
RELIEF PITCHER","$3,000,000"
,"Michael Wacha
STARTING PITCHER","$3,000,000"
330,"Daniel Norris
STARTING PITCHER","$2,960,000"
331,"Maikel Franco
3RD BASE","$2,950,000"
,"Jose Alvarez
RELIEF PITCHER","$2,950,000"
333,"Lourdes Gurriel Jr.
LEFT FIELD","$2,928,571"
334,"Kyle Freeland
STARTING PITCHER","$2,875,000"
335,"Joe Panik
2ND BASE","$2,850,000"
,"Jose Peraza
2ND BASE","$2,850,000"
337,"Trevor Williams
STARTING PITCHER","$2,825,000"
338,"Michael Fulmer
STARTING PITCHER","$2,800,000"
,"Adam Frazier
2ND BASE","$2,800,000"
,"Joe Musgrove
STARTING PITCHER","$2,800,000"
,"Cam Bedrosian
RELIEF PITCHER","$2,800,000"
342,"Jose Leclerc
RELIEF PITCHER","$2,750,000"
,"Tyler Clippard
RELIEF PITCHER","$2,750,000"
,"Jake Diekman
RELIEF PITCHER","$2,750,000"
345,"Omar Narvaez
CATCHER","$2,725,000"
346,"Tommy Kahnle
RELIEF PITCHER","$2,650,000"
347,"Zach Eflin
STARTING PITCHER","$2,625,000"
348,"Aledmys Diaz
SHORTSTOP","$2,600,000"
349,"Jesus Aguilar
1ST BASE","$2,575,000"
350,"Junior Guerra
RELIEF PITCHER","$2,550,000"
351,"Asdrubal Cabrera
3RD BASE","$2,500,000"
,"Joely Rodriguez
RELIEF PITCHER","$2,500,000"
,"Jose Iglesias
SHORTSTOP","$2,500,000"
,"Max Muncy
1ST BASE","$2,500,000"
,"Daniel Descalso
2ND BASE","$2,500,000"
,"Mitch Moreland
1ST BASE","$2,500,000"
,"Brock Holt
2ND BASE","$2,500,000"
,"Hector Rondon
RELIEF PITCHER","$2,500,000"
,"Stephen Vogt
CATCHER","$2,500,000"
360,"David Dahl
CENTER FIELD","$2,475,000"
,"Giovanny Urshela
3RD BASE","$2,475,000"
,"Manuel Margot
CENTER FIELD","$2,475,000"
363,"Mallex Smith
CENTER FIELD","$2,350,000"
364,"Eloy Jimenez
LEFT FIELD","$2,333,333"
365,"Jameson Taillon
STARTING PITCHER","$2,250,000"
,"Chris Bassitt
RELIEF PITCHER","$2,250,000"
,"Darren O'Day
RELIEF PITCHER","$2,250,000"
368,"Trevor May
RELIEF PITCHER","$2,205,000"
369,"Brian Dozier
2ND BASE","$2,200,000"
,"Brian Goodwin
RIGHT FIELD","$2,200,000"
371,"Chaz Roe
RELIEF PITCHER","$2,185,200"
372,"Brandon Nimmo
CENTER FIELD","$2,175,000"
373,"Jose Martinez
1ST BASE","$2,125,000"
374,"Ross Stripling
RELIEF PITCHER","$2,100,000"
375,"Brandon Drury
3RD BASE","$2,050,000"
,"Tyler Glasnow
STARTING PITCHER","$2,050,000"
377,"Chad Pinder
LEFT FIELD","$2,025,000"
378,"Taijuan Walker
STARTING PITCHER","$2,000,000"
,"Ryan Zimmerman
1ST BASE","$2,000,000"
,"Pierce Johnson
RELIEF PITCHER","$2,000,000"
,"Francisco Cervelli
CATCHER","$2,000,000"
,"Trevor Rosenthal
RELIEF PITCHER","$2,000,000"
,"Scott Oberg
RELIEF PITCHER","$2,000,000"
,"Sandy Leon
CATCHER","$2,000,000"
,"Brad Miller
2ND BASE","$2,000,000"
,"Matt Wieters
CATCHER","$2,000,000"
,"Trevor Cahill
RELIEF PITCHER","$2,000,000"
,"Jarrod Dyson
CENTER FIELD","$2,000,000"
,"Chris Devenski
RELIEF PITCHER","$2,000,000"
,"Seth Lugo
RELIEF PITCHER","$2,000,000"
391,"Roenis Elias
RELIEF PITCHER","$1,975,000"
392,"Tony Wolters
CATCHER","$1,900,000"
393,"Delino DeShields
CENTER FIELD","$1,875,000"
394,"Manuel Pina
CATCHER","$1,850,000"
395,"Pedro Strop
RELIEF PITCHER","$1,825,000"
,"Luke Jackson
RELIEF PITCHER","$1,825,000"
397,"Yoan Moncada
3RD BASE","$1,800,000"
,"T.J. McFarland
RELIEF PITCHER","$1,800,000"
399,"Tyler Anderson
STARTING PITCHER","$1,775,000"
400,"Scott Kingery
3RD BASE","$1,750,000"
,"Alexander Claudio
RELIEF PITCHER","$1,750,000"
402,"Johan Camargo
3RD BASE","$1,700,000"
403,"Paul DeJong
SHORTSTOP","$1,666,666"
404,"Hanser Alberto
2ND BASE","$1,650,000"
405,"Heath Hembree
RELIEF PITCHER","$1,612,500"
406,"Yoshihisa Hirano
RELIEF PITCHER","$1,600,000"
,"Ehire Adrianza
SHORTSTOP","$1,600,000"
,"Jhoulys Chacin
STARTING PITCHER","$1,600,000"
409,"Jacoby Jones
CENTER FIELD","$1,575,000"
,"Adam Morgan
RELIEF PITCHER","$1,575,000"
,"Albert Almora
CENTER FIELD","$1,575,000"
412,"Adam Conley
RELIEF PITCHER","$1,525,000"
413,"Cameron Maybin
RIGHT FIELD","$1,500,000"
,"Ivan Nova
STARTING PITCHER","$1,500,000"
,"Kendall Graveman
STARTING PITCHER","$1,500,000"
,"Joe Ross
STARTING PITCHER","$1,500,000"
,"Greg Garcia
2ND BASE","$1,500,000"
,"Matt Joyce
LEFT FIELD","$1,500,000"
,"Francisco Liriano
RELIEF PITCHER","$1,500,000"
,"Luis Robert
CENTER FIELD","$1,500,000"
,"Anthony Bass
RELIEF PITCHER","$1,500,000"
,"Brandon Lowe
2ND BASE","$1,500,000"
,"Jon Jay
RIGHT FIELD","$1,500,000"
424,"Curt Casali
CATCHER","$1,462,500"
425,"Tyler Naquin
RIGHT FIELD","$1,450,000"
426,"Juan Lagares
CENTER FIELD","$1,400,000"
,"Matthew Strahm
RELIEF PITCHER","$1,400,000"
,"Ben Gamel
LEFT FIELD","$1,400,000"
429,"Matt Andriese
STARTING PITCHER","$1,395,000"
430,"Donovan Solano
2ND BASE","$1,375,000"
431,"Evan White
1ST BASE","$1,300,000"
,"Dinelson Lamet
STARTING PITCHER","$1,300,000"
,"Cody Allen
RELIEF PITCHER","$1,300,000"
,"John Gant
RELIEF PITCHER","$1,300,000"
435,"Chad Green
RELIEF PITCHER","$1,275,000"
436,"Eduardo Nunez
3RD BASE","$1,250,000"
,"Greg Holland
RELIEF PITCHER","$1,250,000"
,"Domingo Santana
RIGHT FIELD","$1,250,000"
,"David Phelps
RELIEF PITCHER","$1,250,000"
440,"Robert Gsellman
RELIEF PITCHER","$1,225,000"
441,"Tyler Duffey
RELIEF PITCHER","$1,200,000"
442,"Buck Farmer
RELIEF PITCHER","$1,150,000"
443,"Nick Wittgren
RELIEF PITCHER","$1,125,000"
444,"Yimi Garcia
RELIEF PITCHER","$1,100,000"
,"Evan Marshall
RELIEF PITCHER","$1,100,000"
,"Austin Barnes
CATCHER","$1,100,000"
,"Michael Feliz
RELIEF PITCHER","$1,100,000"
448,"Carlos Estevez
RELIEF PITCHER","$1,080,000"
449,"Miguel Castro
RELIEF PITCHER","$1,050,000"
450,"Oliver Drake
RELIEF PITCHER","$1,025,000"
451,"Felix Hernandez
STARTING PITCHER","$1,000,000"
,"Marco Gonzales
STARTING PITCHER","$1,000,000"
,"Wilmer Difo
SHORTSTOP","$1,000,000"
,"Javy Guerra
RELIEF PITCHER","$1,000,000"
,"Brad Boxberger
RELIEF PITCHER","$1,000,000"
,"Aaron Bummer
RELIEF PITCHER","$1,000,000"
,"Rafael Dolis
RELIEF PITCHER","$1,000,000"
,"Julio Urias
STARTING PITCHER","$1,000,000"
,"Jason Kipnis
2ND BASE","$1,000,000"
,"Guillermo Heredia
CENTER FIELD","$1,000,000"
,"Steven Souza
RIGHT FIELD","$1,000,000"
,"Jedd Gyorko
3RD BASE","$1,000,000"
,"Ronald Acuna
RIGHT FIELD","$1,000,000"
,"Ozzie Albies
2ND BASE","$1,000,000"
,"Charlie Culberson
2ND BASE","$1,000,000"
,"Adeiny Hechavarria
SHORTSTOP","$1,000,000"
467,"Kyle Ryan
RELIEF PITCHER","$975,000"
468,"David Bote
2ND BASE","$960,000"
469,"C.J. Edwards
RELIEF PITCHER","$950,000"
,"Brent Suter
RELIEF PITCHER","$950,000"
471,"Alex Dickerson
LEFT FIELD","$925,000"
472,"Nick Goody
RELIEF PITCHER","$915,000"
,"Richard Bleier
RELIEF PITCHER","$915,000"
474,"Luke Maile
CATCHER","$900,000"
,"Kevin Plawecki
CATCHER","$900,000"
,"Noe Ramirez
RELIEF PITCHER","$900,000"
477,"Luis Cessa
RELIEF PITCHER","$895,000"
478,"Brad Brach
RELIEF PITCHER","$850,000"
,"Tommy Hunter
RELIEF PITCHER","$850,000"
,"J.T. Riddle
SHORTSTOP","$850,000"
,"Jeremy Jeffress
RELIEF PITCHER","$850,000"
,"Ji-Man Choi
1ST BASE","$850,000"
483,"Freddy Peralta
RELIEF PITCHER","$810,160"
484,"Jordan Montgomery
STARTING PITCHER","$805,000"
,"Wandy Peralta
RELIEF PITCHER","$805,000"
486,"Wade LeBlanc
STARTING PITCHER","$800,000"
,"Kohl Stewart
STARTING PITCHER","$800,000"
,"Keynan Middleton
RELIEF PITCHER","$800,000"
,"Max Stassi
CATCHER","$800,000"
490,"Rafael Montero
RELIEF PITCHER","$785,000"
491,"Deolis Guerra
RELIEF PITCHER","$750,000"
,"Jonathan Holder
RELIEF PITCHER","$750,000"
,"Jimmy Nelson
RELIEF PITCHER","$750,000"
494,"Matt Wisler
RELIEF PITCHER","$725,000"
,"Erik Gonzalez
2ND BASE","$725,000"
496,"Andrew Knapp
CATCHER","$710,000"
497,"Shohei Ohtani
DESIGNATED HITTER","$700,000"
498,"Niko Goodrum
SHORTSTOP","$698,200"
499,"Rafael Devers
3RD BASE","$692,500"
500,"Gleyber Torres
SHORTSTOP","$675,500"
501,"Luis Castillo
STARTING PITCHER","$663,500"
502,"Pete Alonso
1ST BASE","$652,521"
503,"Scott Barlow
RELIEF PITCHER","$650,000"
,"Dustin Garneau
CATCHER","$650,000"
505,"Luke Voit
1ST BASE","$634,000"
506,"Richard Rodriguez
RELIEF PITCHER","$633,500"
507,"Brandon Woodruff
STARTING PITCHER","$633,100"
508,"Miguel Andujar
3RD BASE","$632,500"
509,"Juan Soto
LEFT FIELD","$629,400"
510,"Lucas Giolito
STARTING PITCHER","$627,000"
511,"Ian Happ
CENTER FIELD","$624,000"
512,"Matt Chapman
3RD BASE","$623,500"
513,"Shane Bieber
STARTING PITCHER","$623,200"
514,"Sandy Alcantara
STARTING PITCHER","$620,000"
,"Mitch Garver
CATCHER","$620,000"
516,"Jeff McNeil
3RD BASE","$617,676"
517,"Brian Anderson
RIGHT FIELD","$615,000"
518,"Brad Keller
STARTING PITCHER","$613,000"
519,"Hunter Dozier
RIGHT FIELD","$610,500"
520,"Tyler Mahle
RELIEF PITCHER","$609,793"
521,"Amed Rosario
SHORTSTOP","$608,780"
522,"James Hoyt
RELIEF PITCHER","$608,500"
523,"Jake Junis
STARTING PITCHER","$608,000"
524,"Yordan Alvarez
DESIGNATED HITTER","$607,000"
525,"Rhys Hoskins
1ST BASE","$605,000"
,"Reynaldo Lopez
STARTING PITCHER","$605,000"
,"Jesse Winker
LEFT FIELD","$605,000"
528,"Adalberto Mondesi
SHORTSTOP","$604,500"
,"Glenn Sparkman
RELIEF PITCHER","$604,500"
,"Jack Flaherty
STARTING PITCHER","$604,500"
531,"Ryne Stanek
RELIEF PITCHER","$604,200"
532,"Walker Buehler
STARTING PITCHER","$603,500"
,"Matt Olson
1ST BASE","$603,500"
534,"Mike Tauchman
LEFT FIELD","$603,100"
535,"Sam Gaviglio
RELIEF PITCHER","$602,900"
536,"Teoscar Hernandez
DESIGNATED HITTER","$602,200"
537,"Alex Verdugo
RIGHT FIELD","$601,500"
538,"Collin McHugh
STARTING PITCHER","$600,000"
,"Ryan Weber
STARTING PITCHER","$600,000"
540,"Joey Lucchesi
STARTING PITCHER","$599,300"
541,"Tony Kemp
2ND BASE","$597,100"
542,"Luke Weaver
STARTING PITCHER","$597,000"
543,"Luis Arraez
2ND BASE","$596,000"
544,"Jorge Alfaro
CATCHER","$595,000"
,"Jon Berti
2ND BASE","$595,000"
,"Amir Garrett
RELIEF PITCHER","$595,000"
547,"Solomon Maguire
OUTFIELDERS","$594,000"
548,"Sean Newcomb
RELIEF PITCHER","$593,500"
,"Dylan Floro
RELIEF PITCHER","$593,500"
,"Colin Moran
3RD BASE","$593,500"
,"David Fletcher
2ND BASE","$593,500"
552,"Victor Robles
CENTER FIELD","$592,800"
553,"J.D. Davis
LEFT FIELD","$592,463"
554,"Wilmer Font
RELIEF PITCHER","$592,000"
,"Robert Stephenson
RELIEF PITCHER","$592,000"
,"Victor Caratini
CATCHER","$592,000"
557,"Fernando Tatis Jr.
SHORTSTOP","$591,800"
558,"Emilio Pagan
RELIEF PITCHER","$591,000"
559,"Josh James
RELIEF PITCHER","$590,700"
560,"Steven Brault
STARTING PITCHER","$590,500"
561,"Brandon Brennan
RELIEF PITCHER","$590,400"
562,"Harrison Bader
CENTER FIELD","$590,100"
563,"Jace Fry
RELIEF PITCHER","$590,000"
,"Kyle Crick
RELIEF PITCHER","$590,000"
565,"Christian Walker
1ST BASE","$589,500"
,"Jose Osuna
1ST BASE","$589,500"
,"Bryan Reynolds
CENTER FIELD","$589,500"
568,"Kevin Newman
SHORTSTOP","$589,000"
569,"Chris Paddack
STARTING PITCHER","$588,500"
,"Jarlin Garcia
RELIEF PITCHER","$588,500"
,"Trevor Gott
RELIEF PITCHER","$588,500"
,"Reyes Moronta
RELIEF PITCHER","$588,500"
,"Chris Stratton
RELIEF PITCHER","$588,500"
574,"Ronald Guzman
1ST BASE","$588,000"
,"Nick Pivetta
RELIEF PITCHER","$588,000"
,"Adam Engel
CENTER FIELD","$588,000"
577,"John Brebbia
RELIEF PITCHER","$587,600"
578,"Jake Cave
RIGHT FIELD","$587,500"
579,"Isiah Kiner-Falefa
CATCHER","$587,000"
580,"Jorge Lopez
STARTING PITCHER","$586,750"
581,"Caleb Smith
STARTING PITCHER","$586,500"
,"Jacob Stallings
CATCHER","$586,500"
583,"Franmil Reyes
DESIGNATED HITTER","$586,400"
584,"Tim Hill
RELIEF PITCHER","$585,750"
585,"Joe Jimenez
RELIEF PITCHER","$584,900"
,"Austin Pruitt
RELIEF PITCHER","$584,900"
587,"Hector Velazquez
RELIEF PITCHER","$584,500"
,"Ryan Brasier
RELIEF PITCHER","$584,500"
589,"Silvino Bracho
RELIEF PITCHER","$584,100"
590,"Max Fried
STARTING PITCHER","$583,500"
,"Michael Soroka
STARTING PITCHER","$583,500"
,"Adam Kolarek
RELIEF PITCHER","$583,500"
593,"Jeimer Candelario
3RD BASE","$583,300"
594,"Tyler Wade
2ND BASE","$582,800"
595,"Giovanny Gallegos
RELIEF PITCHER","$582,400"
596,"Eric Lauer
STARTING PITCHER","$582,300"
597,"Wander Suero
RELIEF PITCHER","$582,200"
,"Framber Valdez
RELIEF PITCHER","$582,200"
599,"Keston Hiura
2ND BASE","$582,100"
600,"Trent Thornton
STARTING PITCHER","$581,900"
601,"Tommy Edman
LEFT FIELD","$581,800"
602,"Carson Kelly
CATCHER","$581,700"
603,"Adrian Houser
STARTING PITCHER","$581,600"
604,"Adam Cimber
RELIEF PITCHER","$581,500"
605,"Dan Vogelbach
DESIGNATED HITTER","$580,900"
,"Danny Jansen
CATCHER","$580,900"
607,"Jonathan Loaisiga
RELIEF PITCHER","$580,625"
608,"Cameron Gallagher
CATCHER","$580,500"
,"Dakota Hudson
STARTING PITCHER","$580,500"
610,"Lewis Brinson
RIGHT FIELD","$580,000"
,"Garrett Cooper
1ST BASE","$580,000"
,"John Means
STARTING PITCHER","$580,000"
613,"Mike Ford
1ST BASE","$579,800"
614,"Derek Fisher
RIGHT FIELD","$579,600"
615,"Clay Holmes
RELIEF PITCHER","$579,500"
,"Willy Adames
SHORTSTOP","$579,500"
,"Marcus Walden
RELIEF PITCHER","$579,500"
618,"Vladimir Guerrero
3RD BASE","$579,300"
619,"Kyle Higashioka
CATCHER","$579,200"
620,"Austin Meadows
LEFT FIELD","$578,900"
621,"Dominic Smith
1ST BASE","$578,826"
622,"Jordan Hicks
RELIEF PITCHER","$578,800"
623,"Ty Buttrey
RELIEF PITCHER","$578,500"
,"Ryan Yarbrough
STARTING PITCHER","$578,500"
625,"Yoan Lopez
RELIEF PITCHER","$578,100"
626,"Renato Nunez
3RD BASE","$578,000"
627,"Stefan Crichton
RELIEF PITCHER","$577,500"
,"Lucas Sims
RELIEF PITCHER","$577,500"
,"Mitch Keller
STARTING PITCHER","$577,500"
,"Casey Sadler
RELIEF PITCHER","$577,500"
631,"Tom Murphy
CATCHER","$577,300"
,"Nick Anderson
RELIEF PITCHER","$577,300"
633,"Justin Anderson
RELIEF PITCHER","$577,000"
,"Willie Calhoun
LEFT FIELD","$577,000"
,"Josh Taylor
RELIEF PITCHER","$577,000"
636,"Ryan O'Hearn
1ST BASE","$576,950"
637,"Tomas Nido
CATCHER","$576,826"
638,"Yonny Chirinos
STARTING PITCHER","$576,700"
639,"Cavan Biggio
2ND BASE","$576,600"
,"Yandy Diaz
3RD BASE","$576,600"
641,"Austin Slater
LEFT FIELD","$576,000"
,"Andrew Suarez
STARTING PITCHER","$576,000"
,"Pedro Severino
CATCHER","$576,000"
644,"J.P. Crawford
SHORTSTOP","$575,800"
,"Tyler Webb
RELIEF PITCHER","$575,800"
,"Diego Castillo
RELIEF PITCHER","$575,800"
647,"Joe Wendle
2ND BASE","$575,600"
648,"Randy Rosario
RELIEF PITCHER","$575,175"
649,"Zac Gallen
STARTING PITCHER","$575,000"
,"James Pazos
RELIEF PITCHER","$575,000"
,"Pablo Lopez
STARTING PITCHER","$575,000"
,"Dylan Cease
STARTING PITCHER","$575,000"
,"Asher Wojciechowski
STARTING PITCHER","$575,000"
654,"Matt Magill
RELIEF PITCHER","$574,900"
655,"Adam Plutko
STARTING PITCHER","$574,800"
656,"Jose Urquidy
STARTING PITCHER","$574,600"
657,"Jordan Luplow
LEFT FIELD","$574,500"
,"Nick Burdi
RELIEF PITCHER","$574,500"
659,"Tim Locastro
CENTER FIELD","$574,400"
660,"Jimmy Cordero
RELIEF PITCHER","$574,000"
661,"Victor Reyes
RIGHT FIELD","$573,900"
662,"Spencer Turnbull
STARTING PITCHER","$573,500"
,"Dan Altavilla
RELIEF PITCHER","$573,500"
,"Jairo Diaz
RELIEF PITCHER","$573,500"
,"Ryan McMahon
2ND BASE","$573,500"
,"Antonio Senzatela
STARTING PITCHER","$573,500"
,"Raimel Tapia
CENTER FIELD","$573,500"
,"Phillip Ervin
CENTER FIELD","$573,500"
,"Cody Reed
RELIEF PITCHER","$573,500"
,"Matt Beaty
3RD BASE","$573,500"
,"Shawn Armstrong
RELIEF PITCHER","$573,500"
,"Will Smith
CATCHER","$573,500"
,"Daniel Mengden
RELIEF PITCHER","$573,500"
,"Frankie Montas
STARTING PITCHER","$573,500"
,"Austin Brice
RELIEF PITCHER","$573,500"
676,"Tyler O'Neill
OUTFIELDERS","$573,400"
,"Oscar Mercado
CENTER FIELD","$573,400"
678,"Jose Alvarado
RELIEF PITCHER","$573,100"
679,"Mike Mayers
RELIEF PITCHER","$573,000"
,"Rio Ruiz
3RD BASE","$573,000"
681,"Ildemaro Vargas
2ND BASE","$572,600"
682,"Anthony Santander
LEFT FIELD","$572,500"
683,"Jalen Beeks
RELIEF PITCHER","$572,400"
684,"Tanner Rainey
RELIEF PITCHER","$572,200"
685,"Phil Maton
RELIEF PITCHER","$572,100"
686,"Dovydas Neverauskas
RELIEF PITCHER","$572,000"
687,"Grayson Greiner
CATCHER","$571,800"
,"Cal Quantrill
RELIEF PITCHER","$571,800"
689,"Christin Stewart
LEFT FIELD","$571,600"
690,"Seranthony Dominguez
RELIEF PITCHER","$571,500"
,"Elieser Hernandez
RELIEF PITCHER","$571,500"
,"Rowan Wick
RELIEF PITCHER","$571,500"
,"Brad Wieck
RELIEF PITCHER","$571,500"
694,"Greg Allen
RIGHT FIELD","$571,300"
,"Hunter Wood
RELIEF PITCHER","$571,300"
,"Myles Straw
CENTER FIELD","$571,300"
697,"Nicholas Lopez
2ND BASE","$571,250"
698,"Jose Cisnero
RELIEF PITCHER","$571,200"
699,"Franchy Cordero
CENTER FIELD","$571,100"
700,"Michael Chavis
2ND BASE","$571,000"
,"Willians Astudillo
CATCHER","$571,000"
,"Zack Littell
RELIEF PITCHER","$571,000"
,"Cody Stashak
RELIEF PITCHER","$571,000"
,"Kyle Farmer
CATCHER","$571,000"
,"Paul Fry
RELIEF PITCHER","$571,000"
,"Chance Sisco
CATCHER","$571,000"
,"Dwight Smith Jr.
RIGHT FIELD","$571,000"
708,"Austin Adams
RELIEF PITCHER","$570,900"
709,"Austin Nola
CATCHER","$570,800"
710,"Griffin Canning
STARTING PITCHER","$570,500"
,"Brett Martin
RELIEF PITCHER","$570,500"
712,"Dawel Lugo
SHORTSTOP","$570,100"
713,"Corbin Burnes
RELIEF PITCHER","$570,000"
,"Luis Rengifo
SHORTSTOP","$570,000"
,"Ranger Suarez
RELIEF PITCHER","$570,000"
,"Carson Fulmer
RELIEF PITCHER","$570,000"
,"Bo Bichette
SHORTSTOP","$570,000"
,"Nick Senzel
3RD BASE","$570,000"
719,"Jose Castillo
RELIEF PITCHER","$569,800"
,"Francisco Mejia
CATCHER","$569,800"
721,"Tyler Beede
STARTING PITCHER","$569,750"
,"Mike Yastrzemski
RIGHT FIELD","$569,750"
723,"Brett Phillips
RIGHT FIELD","$569,625"
724,"Adam Haseley
CENTER FIELD","$569,500"
,"Alec Mills
RELIEF PITCHER","$569,500"
726,"Reese McGuire
CATCHER","$569,400"
727,"Rogelio Armenteros
STARTING PITCHER","$569,100"
728,"Roman Quinn
CENTER FIELD","$569,000"
,"Ryan Helsley
RELIEF PITCHER","$569,000"
730,"Austin Voth
RELIEF PITCHER","$568,900"
731,"Luis Urias
2ND BASE","$568,800"
,"Lane Thomas
CENTER FIELD","$568,800"
733,"Nestor Cortes
RELIEF PITCHER","$568,700"
,"Kyle Tucker
LEFT FIELD","$568,700"
735,"Kevin Ginkel
RELIEF PITCHER","$568,600"
736,"Garrett Hampson
2ND BASE","$568,500"
,"Jeff Hoffman
STARTING PITCHER","$568,500"
,"Josh VanMeter
2ND BASE","$568,500"
,"Tanner Scott
RELIEF PITCHER","$568,500"
,"Franklin Barreto
SHORTSTOP","$568,500"
,"Ramon Laureano
OUTFIELDERS","$568,500"
,"Lou Trivino
RELIEF PITCHER","$568,500"
,"J.B. Wendelken
RELIEF PITCHER","$568,500"
744,"Colin Poche
RELIEF PITCHER","$568,400"
745,"Bubba Starling
CENTER FIELD","$568,250"
746,"Gregory Soto
RELIEF PITCHER","$567,800"
,"Jordan Romano
PITCHERS","$567,800"
748,"Shed Long
2ND BASE","$567,600"
749,"Luke Farrell
RELIEF PITCHER","$567,500"
,"Yohander Mendez
RELIEF PITCHER","$567,500"
,"Austin Hays
CENTER FIELD","$567,500"
,"D.J. Stewart
RIGHT FIELD","$567,500"
753,"Bryan Abreu
RELIEF PITCHER","$567,200"
754,"Matt Thaiss
1ST BASE","$567,000"
755,"Trent Grisham
RIGHT FIELD","$566,800"
,"Anthony Alford
OUTFIELDERS","$566,800"
757,"Timmy Lopes
2ND BASE","$566,700"
758,"Sam Coonrod
RELIEF PITCHER","$566,625"
,"Mauricio Dubon
2ND BASE","$566,625"
,"Aramis Garcia
CATCHER","$566,625"
761,"Michael Perez
CATCHER","$566,600"
762,"Evan Phillips
RELIEF PITCHER","$566,500"
763,"Justus Sheffield
STARTING PITCHER","$566,300"
,"Andres Munoz
RELIEF PITCHER","$566,300"
765,"Ray Black
RELIEF PITCHER","$566,200"
766,"Luis Guillorme
SHORTSTOP","$566,054"
767,"Walker Lockett
RELIEF PITCHER","$566,025"
768,"Darwinzon Hernandez
RELIEF PITCHER","$566,000"
,"Rangel Ravelo
1ST BASE","$566,000"
,"Jefry Rodriguez
STARTING PITCHER","$566,000"
,"Gavin Lux
2ND BASE","$566,000"
,"Austin Allen
CATCHER","$566,000"
773,"Josh Staumont
RELIEF PITCHER","$565,950"
774,"David McKay
RELIEF PITCHER","$565,800"
775,"Patrick Sandoval
STARTING PITCHER","$565,750"
776,"Corbin Martin
STARTING PITCHER","$565,700"
777,"Taylor Guilbeau
RELIEF PITCHER","$565,500"
,"Nick Solak
2ND BASE","$565,500"
,"Yency Almonte
RELIEF PITCHER","$565,500"
,"Josh Fuentes
1ST BASE","$565,500"
,"Sam Hilliard
CENTER FIELD","$565,500"
,"Peter Lambert
STARTING PITCHER","$565,500"
,"Christian Arroyo
SHORTSTOP","$565,500"
784,"Hunter Harvey
RELIEF PITCHER","$565,000"
,"Kyle Lewis
LEFT FIELD","$565,000"
,"Jordan Yamamoto
STARTING PITCHER","$565,000"
,"Duane Underwood
RELIEF PITCHER","$565,000"
788,"Andrew Velazquez
3RD BASE","$564,900"
789,"Ryan McBroom
1ST BASE","$564,775"
790,"Tyler Rogers
RELIEF PITCHER","$564,750"
791,"Pete Fairbanks
RELIEF PITCHER","$564,700"
792,"Brock Burke
STARTING PITCHER","$564,500"
,"Adolis Garcia
OUTFIELDERS","$564,500"
794,"Bryan Garcia
RELIEF PITCHER","$564,400"
795,"Yennsy Diaz
STARTING PITCHER","$564,000"
796,"Jake Fraley
RIGHT FIELD","$563,800"
797,"A.J. Puk
STARTING PITCHER","$563,500"
,"Jonathan Arauz
SHORTSTOP","$563,500"
,"Jose Quijada
RELIEF PITCHER","$563,500"
,"Yohan Ramirez
RELIEF PITCHER","$563,500"
,"Rony Garcia
RELIEF PITCHER","$563,500"
,"Jeff Brigham
RELIEF PITCHER","$563,500"
,"Isan Diaz
2ND BASE","$563,500"
,"Sterling Sharp
RELIEF PITCHER","$563,500"
,"Magneuris Sierra
CENTER FIELD","$563,500"
,"Stephen Tarpley
RELIEF PITCHER","$563,500"
,"Stephen Woods
RELIEF PITCHER","$563,500"
,"Danny Mendick
SHORTSTOP","$563,500"
,"Dany Jimenez
RELIEF PITCHER","$563,500"
,"Jesus Luzardo
STARTING PITCHER","$563,500"
,"Sean Murphy
CATCHER","$563,500"