1,"Zlatan Ibrahimovic
FORWARD","$7,200,000"
2,"Michael Bradley
MIDFIELDER","$6,428,571"
3,"Jozy Altidore
FORWARD","$6,332,250"
4,"Carlos Vela
FORWARD","$6,300,000"
5,"Bastian Schweinsteiger
MIDFIELDER","$5,600,000"
6,"Ignacio Piatti
MIDFIELDER","$4,443,333"
7,"Alejandro Pozuelo
MIDFIELDER","$3,800,000"
8,"Wayne Rooney
FORWARD","$3,507,500"
9,"Josef Martinez
FORWARD","$3,058,333"
10,"Nicolas Lodeiro
MIDFIELDER","$2,502,500"
11,"Nani
FORWARD","$2,486,250"
12,"Tim Howard
GOALKEEPER","$2,475,000"
13,"Diego Valeri
MIDFIELDER","$2,420,000"
14,"Carles Gil
FORWARD","$2,337,500"
15,"Gyasi Zardes
FORWARD","$2,311,667"
16,"Marco Fabian
MIDFIELDER","$2,274,087"
17,"Nicolas Gaitan
MIDFIELDER","$2,197,504"
18,"Albert Rusnack
MIDFIELDER","$2,001,667"
19,"Maximiliano Moralez
MIDFIELDER","$2,000,000"
,"Jonathan dos Santos
MIDFIELDER","$2,000,000"
21,"Fanendo Adi
FORWARD","$1,965,008"
22,"Nemanja Nikolic
FORWARD","$1,906,333"
23,"Romain Alessandrini
MIDFIELDER","$1,869,996"
24,"Raul Ruidiaz
FORWARD","$1,800,000"
25,"Darwin Quintero
FORWARD","$1,750,000"
26,"Johnny Russell
MIDFIELDER","$1,700,000"
27,"Felipe Gutierrez
MIDFIELDER","$1,650,000"
28,"Vako Qazaishvili
MIDFIELDER","$1,604,042"
29,"Kenny Saief
MIDFIELDER","$1,511,767"
30,"Dom Dwyer
FORWARD","$1,503,333"
31,"Ezequiel Barco
MIDFIELDER","$1,425,000"
32,"Saphir Taider
MIDFIELDER","$1,400,000"
33,"Aleksandar Katai
MIDFIELDER","$1,380,333"
34,"Bradley Wright-Phillips
FORWARD","$1,380,000"
35,"Sebastian Blanco
MIDFIELDER","$1,375,008"
36,"Andre Horta
MIDFIELDER","$1,277,500"
37,"Brian Fernandez
MIDFIELDER","$1,275,800"
38,"Alejandro Bedoya
MIDFIELDER","$1,266,250"
39,"Mauro Manotas
FORWARD","$1,245,050"
40,"Aljaz Struna
DEFENDER","$1,210,000"
41,"David Accam
FORWARD","$1,137,920"
42,"Sacha Kljestan
MIDFIELDER","$1,100,000"
,"Federico Higuain
FORWARD","$1,100,000"
44,"Victor Rodriguez
MIDFIELDER","$1,087,500"
45,"Damir Kreilach
MIDFIELDER","$1,082,102"
46,"Maximiliano Urruti
FORWARD","$1,071,000"
47,"Jorgen Skjelvik
DEFENDER","$1,066,667"
48,"Krisztian Nemeth
FORWARD","$1,063,667"
49,"Diego Rossi
FORWARD","$1,052,000"
50,"Andreu Fontas
DEFENDER","$1,050,000"
51,"Carlos Gruezo
MIDFIELDER","$1,025,750"
52,"Everton Luiz
MIDFIELDER","$1,000,000"
53,"Michael Mancienne
DEFENDER","$995,676"
54,"Fredy Montero
FORWARD","$968,000"
55,"Lamine Sane
DEFENDER","$950,000"
56,"Alexander Ring
MIDFIELDER","$945,000"
57,"Adama Diomande
FORWARD","$935,000"
58,"Pity Martinez
MIDFIELDER","$900,000"
,"Ilie Sanchez
MIDFIELDER","$900,000"
60,"Jonathan Mensah
DEFENDER","$894,004"
61,"Jan Gregus
MIDFIELDER","$883,500"
62,"Jesus Medina
MIDFIELDER","$870,833"
63,"Reto Ziegler
DEFENDER","$870,000"
64,"Pedro Santos
MIDFIELDER","$864,560"
65,"Joao Plata
FORWARD","$856,254"
66,"Hector Villalba
FORWARD","$830,250"
67,"Leandro Gonzalez Pirez
DEFENDER","$810,008"
68,"Roland Lamah
MIDFIELDER","$806,250"
69,"Alejandro (Kaku) Romero
MIDFIELDER","$800,000"
,"Aaron Long
MIDFIELDER","$800,000"
,"Chris Wondolowski
FORWARD","$800,000"
,"Roger Espinoza
MIDFIELDER","$800,000"
73,"Marcelo Ferreira
DEFENDER","$797,500"
74,"Larrys Mabiala
DEFENDER","$793,333"
75,"Heber
FORWARD","$785,000"
76,"Diego Polenta
DEFENDER","$777,276"
77,"Marcelo Silva
DEFENDER","$776,629"
78,"Jonathan Osorio
MIDFIELDER","$776,250"
79,"Kim Kee-Hee
DEFENDER","$772,000"
80,"Daniel Royer
MIDFIELDER","$768,750"
81,"Tim Parker
DEFENDER","$752,200"
82,"Kei Kamara
FORWARD","$750,000"
83,"Rudy Camacho
DEFENDER","$749,153"
84,"Brad Guzan
GOALKEEPER","$740,004"
85,"Roman Torres
DEFENDER","$740,000"
86,"Yohan Croizet
MIDFIELDER","$730,008"
87,"Giancarlo Gonzalez
DEFENDER","$719,583"
88,"Sam Johnson
FORWARD","$718,750"
89,"Yordy Reyna
MIDFIELDER","$713,140"
90,"Paul Arriola
MIDFIELDER","$707,000"
91,"Bacary Sagna
DEFENDER","$705,000"
92,"Luciano Acosta
MIDFIELDER","$702,000"
93,"Dax McCarty
MIDFIELDER","$700,000"
94,"Osvaldo Alonso
MIDFIELDER","$697,500"
95,"Graham Zusi
MIDFIELDER","$688,333"
96,"Justin Meram
FORWARD","$678,754"
97,"Matt Besler
DEFENDER","$674,998"
98,"Francisco Calvo
DEFENDER","$672,600"
99,"Sergio Santos
FORWARD","$668,500"
100,"Angelo Rodriguez
FORWARD","$667,188"
101,"Christian Ramirez
FORWARD","$666,250"
102,"Darlington Nagbe
MIDFIELDER","$665,500"
103,"Kellyn Acosta
DEFENDER","$665,000"
104,"Alexander Callens
DEFENDER","$664,000"
105,"Chris Mavinga
DEFENDER","$663,333"
106,"Przemyslaw Frankowski
MIDFIELDER","$661,688"
107,"Hwang In-beom
MIDFIELDER","$655,000"
108,"Kendall Waston
DEFENDER","$654,167"
109,"Alberth Elis
FORWARD","$650,340"
110,"Maxime Chanot
DEFENDER","$650,000"
,"Bryan Acosta
MIDFIELDER","$650,000"
112,"Tommy Smith
DEFENDER","$640,000"
113,"Jordan Morris
FORWARD","$619,600"
114,"Jorge Villafaña
DEFENDER","$617,500"
115,"Florian Jungwirth
DEFENDER","$616,675"
116,"Cristian Higuita
MIDFIELDER","$611,663"
117,"Jorge Moreira
DEFENDER","$607,955"
118,"Juan Agudelo
FORWARD","$605,000"
119,"Claude Dielna
DEFENDER","$600,000"
,"Walker Zimmerman
DEFENDER","$600,000"
,"Gustav Svensson
MIDFIELDER","$600,000"
,"Kelvin Leerdam
DEFENDER","$600,000"
123,"Cristian Roldan
MIDFIELDER","$596,542"
124,"Haris Medunjanin
MIDFIELDER","$595,008"
125,"Vito Mannone
GOALKEEPER","$594,000"
126,"Wil Trapp
MIDFIELDER","$593,746"
127,"Santiago Mosquera
MIDFIELDER","$591,400"
128,"Guram Kashia
DEFENDER","$590,000"
129,"Favio Alvarez
MIDFIELDER","$586,250"
130,"Cristian Colman
FORWARD","$585,000"
131,"Wilfried Zahibo
MIDFIELDER","$583,000"
132,"Anton Tinnerholm
DEFENDER","$581,725"
133,"Johan Kappelhof
DEFENDER","$577,833"
134,"Matt Hedges
DEFENDER","$575,008"
135,"Diego Chara
MIDFIELDER","$572,000"
136,"Jamiro Monteiro
MIDFIELDER","$569,200"
137,"Bradley Smith
DEFENDER","$564,365"
138,"Leonardo Jara
DEFENDER","$560,000"
139,"Romell Quioto
FORWARD","$556,501"
140,"Gerso Fernandes
FORWARD","$550,008"
141,"Andre Blake
GOALKEEPER","$550,004"
142,"Steve Birnbaum
DEFENDER","$550,000"
,"Joe Corona
MIDFIELDER","$550,000"
,"Cristian Espinoza
FORWARD","$550,000"
,"Cristian Penilla
FORWARD","$550,000"
146,"Danny Hoeson
FORWARD","$549,667"
147,"Ali Adnan
DEFENDER","$547,333"
148,"Kevin Molino
MIDFIELDER","$546,254"
149,"Romario Ibarra
MIDFIELDER","$546,250"
150,"Danny Wilson
DEFENDER","$540,000"
151,"Lee Nguyen
MIDFIELDER","$530,000"
152,"Joevin Jones
MIDFIELDER","$528,671"
153,"Oriol Rosell
DEFENDER","$522,500"
154,"Zdenek Ondrasek
FORWARD","$522,250"
155,"Bressan
DEFENDER","$521,931"
156,"Darren Mattocks
FORWARD","$520,000"
157,"Nedum Onuoha
DEFENDER","$504,000"
158,"Xavier Arreaga
DEFENDER","$500,850"
159,"Felipe Martins
MIDFIELDER","$500,000"
,"Alexandru Mitrita
FORWARD","$500,000"
,"Michael Barrios
MIDFIELDER","$500,000"
,"Juan Fernando Caicedo
FORWARD","$500,000"
163,"Jefferson Savarino
FORWARD","$498,696"
164,"Anibal Godoy
MIDFIELDER","$498,125"
165,"Leonardo Bertone
MIDFIELDER","$496,667"
166,"Eduard Atuesta
MIDFIELDER","$493,000"
167,"Will Johnson
MIDFIELDER","$491,004"
168,"Luis Robles
GOALKEEPER","$490,000"
169,"Bill Hamid
GOALKEEPER","$487,495"
170,"Jhegson
DEFENDER","$486,750"
171,"C.J. Sapong
FORWARD","$475,000"
172,"Perry Kitchen
DEFENDER","$474,167"
173,"Pablo Aranguiz
MIDFIELDER","$466,667"
174,"Benny Feilhaber
MIDFIELDER","$463,400"
175,"Cesar Ascues
DEFENDER","$451,500"
176,"Josue Colman
MIDFIELDER","$450,000"
,"Magnus Eriksson
FORWARD","$450,000"
178,"Erik Godoy
DEFENDER","$449,318"
179,"Jack Price
MIDFIELDER","$437,500"
180,"Laurent Ciman
DEFENDER","$435,625"
181,"Antonio Mlinar Delamea
DEFENDER","$425,004"
182,"Carlos Uriel Antuna
MIDFIELDER","$420,000"
183,"Romain Metanire
DEFENDER","$411,833"
184,"Artur de Lima Junior
MIDFIELDER","$411,633"
185,"Tomas Conechny
FORWARD","$403,500"
186,"Ethan Finlay
MIDFIELDER","$400,008"
187,"Sean Johnson
GOALKEEPER","$400,000"
,"Ebenezer Ofori
MIDFIELDER","$400,000"
189,"Kekuta Manneh
FORWARD","$391,667"
190,"Nana 'Bismark' Adjei-Boateng
MIDFIELDER","$391,250"
191,"Caleb Stanko
MIDFIELDER","$390,833"
192,"Marcos Lopez
MIDFIELDER","$387,750"
193,"Tomas Martinez
MIDFIELDER","$386,804"
194,"Kemar Lawrence
DEFENDER","$382,750"
195,"Alex Bono
GOALKEEPER","$382,000"
196,"Ismael Tajouri
FORWARD","$380,500"
197,"Marcos Pedroso
DEFENDER","$375,000"
,"Drew Moor
DEFENDER","$375,000"
,"David Bingham
GOALKEEPER","$375,000"
200,"Ike Opara
DEFENDER","$367,917"
201,"Harrison Afful
DEFENDER","$363,800"
202,"David Ousted
GOALKEEPER","$361,136"
203,"Kai Wagner
DEFENDER","$360,150"
204,"Rodney Wallace
MIDFIELDER","$360,000"
,"Gaston Sauro
DEFENDER","$360,000"
206,"Will Bruin
FORWARD","$358,333"
207,"Ilson Pereira Dias Junior
MIDFIELDER","$357,000"
208,"Diego Rubio Kostner
FORWARD","$353,750"
209,"Darwin Ceren
MIDFIELDER","$349,375"
210,"Justen Glad
DEFENDER","$345,000"
211,"Miguel Ibarra
MIDFIELDER","$342,318"
212,"Tim Melia
GOALKEEPER","$341,675"
213,"Marc Rzatkowski
MIDFIELDER","$341,667"
214,"Stefan Frei
GOALKEEPER","$337,500"
215,"Allan Cruz
MIDFIELDER","$333,125"
216,"Justin Morrow
DEFENDER","$330,000"
217,"Przemyslaw Tyton
GOALKEEPER","$328,438"
218,"Sean Davis
MIDFIELDER","$327,500"
219,"Kelyn Rowe
MIDFIELDER","$326,400"
220,"Kyle Beckerman
MIDFIELDER","$325,000"
221,"Florentin Pogba
DEFENDER","$324,000"
222,"Nick Rimando
GOALKEEPER","$322,500"
223,"Milton Valenzuela
DEFENDER","$321,300"
224,"Harold Cummings
DEFENDER","$320,667"
225,"Nicolás Mezquida
MIDFIELDER","$320,000"
,"David Guzman
MIDFIELDER","$320,000"
227,"Michael Boxall
DEFENDER","$317,333"
228,"Sam Nicholson
MIDFIELDER","$313,000"
229,"Sebastian Lletget
MIDFIELDER","$312,667"
230,"Anthony Blondell
FORWARD","$307,703"
231,"Mathias Jorgensen
FORWARD","$306,250"
232,"Judson
MIDFIELDER","$305,000"
233,"Adam Lundkvist
DEFENDER","$303,750"
234,"Rasmus Schuller
MIDFIELDER","$300,004"
235,"Frederic Brillant
DEFENDER","$300,000"
,"Ronald Matarrita
DEFENDER","$300,000"
,"Franco Escobar
DEFENDER","$300,000"
,"Eric Remedi
MIDFIELDER","$300,000"
,"Victor Cabrera
DEFENDER","$300,000"
,"Luis Alberto Caicedo
MIDFIELDER","$300,000"
241,"Lucas Rodriguez
MIDFIELDER","$298,550"
242,"Steven Beitashour
DEFENDER","$298,375"
243,"Botond Barath
DEFENDER","$297,333"
244,"Eriq Zavaleta
FORWARD","$296,962"
245,"Evan Bush
GOALKEEPER","$294,667"
246,"Andrew Farrell
DEFENDER","$294,230"
247,"Juan David Cabezas
MIDFIELDER","$292,008"
248,"Jukka Raitala
DEFENDER","$290,500"
249,"Robin Jansson
DEFENDER","$289,800"
250,"Cristhian Paredes
MIDFIELDER","$283,500"
251,"Emmanuel Ledesma
MIDFIELDER","$280,833"
252,"Kacper Przybylko
FORWARD","$277,000"
253,"Auro
DEFENDER","$276,667"
254,"DaMarcus Beasley
DEFENDER","$275,000"
255,"Valentin Castellanos
MIDFIELDER","$274,806"
256,"Francois Affolter
DEFENDER","$273,000"
257,"Joaquin Ardaiz
FORWARD","$272,727"
258,"Teal Bunbury
FORWARD","$270,750"
259,"Greg Garza
DEFENDER","$270,000"
260,"Jack Elliott
DEFENDER","$265,000"
261,"Joao Pedro
MIDFIELDER","$261,000"
262,"Patrick Mullins
FORWARD","$260,004"
263,"Zack Steffen
GOALKEEPER","$260,000"
264,"Mathieu Deplagne
DEFENDER","$254,400"
265,"A.J. DeLaGarza
DEFENDER","$253,750"
266,"Marco Delgado
MIDFIELDER","$253,000"
267,"Alvas Powell
DEFENDER","$251,625"
268,"Johan Blomberg
MIDFIELDER","$250,962"
269,"Ronaldo Pena
FORWARD","$250,000"
,"Shea Salinas
MIDFIELDER","$250,000"
,"Edgar Castillo
DEFENDER","$250,000"
272,"Russel Canouse
MIDFIELDER","$247,500"
273,"Rolf Feltscher
DEFENDER","$242,650"
274,"Brooks Lennon
MIDFIELDER","$242,587"
275,"Jeremy Ebobisse
FORWARD","$238,000"
,"Jordan Allen
MIDFIELDER","$238,000"
277,"Andrew Tarbell
GOALKEEPER","$235,000"
,"Harrison Shipp
FORWARD","$235,000"
279,"Jesse Gonzalez
GOALKEEPER","$231,500"
280,"Matias Vera
MIDFIELDER","$231,250"
281,"Brek Shea
MIDFIELDER","$225,000"
,"Jeisson Vargas
MIDFIELDER","$225,000"
283,"Kevin Kratz
MIDFIELDER","$222,750"
284,"Pablo Ruiz
MIDFIELDER","$221,004"
285,"Orji Okwonkwo
FORWARD","$220,000"
286,"Nick Lima
DEFENDER","$218,438"
287,"Josh Williams
DEFENDER","$215,000"
288,"Dairon Asprilla
MIDFIELDER","$213,750"
289,"Victor Ulloa
MIDFIELDER","$212,500"
290,"Eddie Segura
DEFENDER","$212,000"
291,"Brandon Servania
MIDFIELDER","$211,000"
292,"Jeff Larentowicz
MIDFIELDER","$210,000"
,"Daniel Vega
GOALKEEPER","$210,000"
294,"Tony Beltran
DEFENDER","$207,000"
295,"Dominique Badji
FORWARD","$206,250"
296,"Diego Fagundez
FORWARD","$205,000"
297,"Doneil Henry
DEFENDER","$204,242"
298,"João Moutinho
DEFENDER","$203,000"
299,"Mohamed El-Munir
DEFENDER","$202,833"
300,"Miles Robinson
DEFENDER","$201,250"
301,"Ben Sweat
DEFENDER","$200,000"
,"Dillon Powers
MIDFIELDER","$200,000"
,"Danilo Silva
DEFENDER","$200,000"
,"Hector Jimenez
MIDFIELDER","$200,000"
305,"Waylon Francis
DEFENDER","$199,167"
306,"Robinho Barbosa
MIDFIELDER","$198,000"
307,"Ema Twumasi
MIDFIELDER","$196,900"
308,"Andy Rose
MIDFIELDER","$192,500"
309,"Bobby Shuttleworth
GOALKEEPER","$191,875"
310,"Fatai Alashe
MIDFIELDER","$190,000"
,"Zak MacMath
GOALKEEPER","$190,000"
,"Russell Teibert
MIDFIELDER","$190,000"
,"Raymon Gaddis
DEFENDER","$190,000"
,"Chris Pontius
FORWARD","$190,000"
,"Jackson Yueill
MIDFIELDER","$190,000"
316,"Mason Toye
FORWARD","$188,000"
317,"Jeff Attinella
GOALKEEPER","$187,250"
318,"Rodolfo Zelaya
FORWARD","$185,833"
319,"Emmanuel Boateng
FORWARD","$185,000"
320,"Nicolas Hasler
DEFENDER","$183,667"
321,"Oscar Boniek Garcia
MIDFIELDER","$183,000"
322,"Erik Hurtado
FORWARD","$181,250"
323,"Jasser Khmiri
DEFENDER","$180,000"
,"Abu Danladi
FORWARD","$180,000"
325,"Axel Sjoberg
DEFENDER","$179,996"
326,"Francis Atuahene
FORWARD","$179,000"
327,"Mark-Anthony Kaye
MIDFIELDER","$177,811"
328,"Warren Creavalle
DEFENDER","$175,300"
329,"Nick DeLeon
MIDFIELDER","$175,270"
330,"Ryan Hollingshead
MIDFIELDER","$175,000"
,"Aurélien Collin
DEFENDER","$175,000"
,"Tommy Thompson
MIDFIELDER","$175,000"
,"Anthony Jackson-Hamel
FORWARD","$175,000"
334,"Fafa Picault
FORWARD","$173,667"
335,"Joe Willis
GOALKEEPER","$172,833"
336,"Alejandro Fuenmayor
DEFENDER","$172,508"
337,"Frankie Amaya
MIDFIELDER","$172,000"
338,"Scott Sutter
DEFENDER","$170,177"
339,"Julio Cascante
DEFENDER","$170,004"
340,"Ulises Segura
MIDFIELDER","$170,000"
341,"Tyler Deric
GOALKEEPER","$167,500"
342,"Brandon Vazquez
FORWARD","$166,000"
343,"Chris Seitz
GOALKEEPER","$165,000"
,"Keaton Parks
MIDFIELDER","$165,000"
,"Thomas McNamara
MIDFIELDER","$165,000"
,"Jordan Harvey
DEFENDER","$165,000"
347,"Keegan Rosenberry
DEFENDER","$164,945"
348,"Joseph Mora
DEFENDER","$164,250"
349,"Juninho
MIDFIELDER","$163,125"
350,"Ruan
DEFENDER","$160,000"
,"Zarek Valentin
DEFENDER","$160,000"
,"Aljaz Ivacic
GOALKEEPER","$160,000"
,"Ricardo Clark
MIDFIELDER","$160,000"
354,"Junior Moreno
MIDFIELDER","$159,500"
355,"Amro Tarek
DEFENDER","$156,250"
356,"Daniel Steres
DEFENDER","$155,500"
357,"Jimmy Medranda
MIDFIELDER","$155,004"
358,"Luke Mulholland
MIDFIELDER","$155,000"
359,"Dejan Jakovic
DEFENDER","$153,750"
360,"Scott Caldwell
MIDFIELDER","$153,209"
361,"Richard Sanchez
GOALKEEPER","$152,500"
362,"Eric Kronberg
GOALKEEPER","$150,996"
363,"Tesho Akindele
MIDFIELDER","$150,000"
,"Andy Polo
MIDFIELDER","$150,000"
365,"JJ Williams
FORWARD","$149,750"
366,"Carlos Miguel Coronel
GOALKEEPER","$148,425"
367,"Nick Hagglund
DEFENDER","$147,129"
368,"JT Marcinkowski
GOALKEEPER","$147,000"
369,"Michael Azira
MIDFIELDER","$146,625"
370,"Alex De John
DEFENDER","$146,614"
371,"Lalas Abubakar
DEFENDER","$144,938"
372,"Daniel Salloi
FORWARD","$144,125"
373,"Joe Bendik
GOALKEEPER","$144,000"
374,"Samuel Piette
MIDFIELDER","$143,159"
375,"Seth Sinovic
DEFENDER","$143,000"
376,"Jose Hernandez
DEFENDER","$140,004"
377,"Steve Clark
GOALKEEPER","$140,000"
378,"Shane O'Neill
MIDFIELDER","$139,500"
379,"Clint Irwin
GOALKEEPER","$138,707"
380,"Jay Chapman
MIDFIELDER","$138,500"
381,"Thomas Roberts
MIDFIELDER","$138,000"
382,"Jordan Hamilton
FORWARD","$137,659"
383,"Ryan Meara
GOALKEEPER","$137,000"
384,"Eryk Williamson
MIDFIELDER","$136,500"
385,"Brent Kallman
DEFENDER","$136,456"
386,"Mo Adams
MIDFIELDER","$135,000"
,"Fabian Herbers
FORWARD","$135,000"
388,"Griffin Dorsey
FORWARD","$134,000"
389,"Ashtone Morgan
DEFENDER","$133,500"
390,"Julian Gressel
MIDFIELDER","$133,000"
391,"Connor Lade
DEFENDER","$132,750"
392,"Donny Toia
DEFENDER","$131,254"
393,"Alex Muyl
FORWARD","$127,750"
394,"Jimmy Maurer
GOALKEEPER","$127,500"
395,"Tajon Buchanan
FORWARD","$126,000"
396,"Eric Miller
DEFENDER","$124,425"
397,"Ayo Akinola
FORWARD","$124,256"
398,"Jakob Nerwinski
DEFENDER","$124,125"
399,"Auston Trusty
DEFENDER","$124,100"
400,"Tomas Hilliard-Arce
DEFENDER","$123,125"
401,"Sebastian Saucedo
MIDFIELDER","$123,000"
402,"Jonathan Lewis
FORWARD","$121,000"
403,"Eduardo Sosa
MIDFIELDER","$120,200"
404,"Fabinho Alves Macedo
DEFENDER","$120,000"
,"Alejandro Guido
MIDFIELDER","$120,000"
,"Eric Calvillo
MIDFIELDER","$120,000"
,"Dillon Serna
MIDFIELDER","$120,000"
408,"Shamit Shome
MIDFIELDER","$119,000"
409,"Dave Romney
DEFENDER","$118,950"
410,"Cristian Casseres Jr.
MIDFIELDER","$118,750"
411,"Brad Knighton
GOALKEEPER","$116,253"
412,"Benji Michel
FORWARD","$116,250"
413,"Quentin Westberg
GOALKEEPER","$115,254"
414,"Justin Rennicks
FORWARD","$115,000"
415,"Michael Murillo
DEFENDER","$113,754"
416,"John Nelson
DEFENDER","$113,000"
417,"Victor Giro
DEFENDER","$112,438"
418,"Derek Cornelius
DEFENDER","$111,912"
419,"Djordje Mihailovic
MIDFIELDER","$111,000"
420,"Danilo Acosta
MIDFIELDER","$110,000"
,"Aboubacar Keita
DEFENDER","$110,000"
422,"Chris Mueller
FORWARD","$109,375"
423,"Dante Sealy
FORWARD","$108,400"
424,"Bill Tuiloma
DEFENDER","$107,508"
425,"Edward Opoku
FORWARD","$106,000"
426,"James Sands
DEFENDER","$105,000"
,"Paxton Pomykal
MIDFIELDER","$105,000"
,"Pablo Sisniega
GOALKEEPER","$105,000"
,"Collin Martin
MIDFIELDER","$105,000"
430,"Alex Crognale
DEFENDER","$104,504"
431,"Chris Durkin
MIDFIELDER","$104,167"
432,"Siad Haji
MIDFIELDER","$104,000"
433,"Latif Blessing
FORWARD","$103,125"
434,"Donovan Pines
DEFENDER","$102,000"
435,"Jalil Anibaba
DEFENDER","$101,250"
436,"Alex Horwath
GOALKEEPER","$100,863"
437,"Edwin Cerrillo
MIDFIELDER","$100,250"
438,"Alec Kann
GOALKEEPER","$100,008"
439,"Brad Stuver
GOALKEEPER","$100,000"
,"Lass Bangoura
MIDFIELDER","$100,000"
441,"Cam Lindley
MIDFIELDER","$98,906"
442,"Clément Diop
GOALKEEPER","$98,190"
443,"Brian Rowe
GOALKEEPER","$98,000"
,"Matt Hundley
FORWARD","$98,000"
445,"Grant Lillard
DEFENDER","$97,500"
446,"Daniel Lovitz
MIDFIELDER","$97,453"
447,"Andrew Carleton
MIDFIELDER","$97,400"
448,"Brenden Aaronson
MIDFIELDER","$95,809"
449,"Omir Fernandez
MIDFIELDER","$95,000"
,"Andre Shinyashiki
FORWARD","$95,000"
451,"Maxime Crépeau
GOALKEEPER","$94,083"
452,"Gilbert Fuentes
MIDFIELDER","$92,000"
453,"Daniel Rios
FORWARD","$91,625"
454,"Gianluca Busio
FORWARD","$90,000"
,"Moises Hernandez
DEFENDER","$90,000"
,"Chris Goslin
MIDFIELDER","$90,000"
457,"Danny Leyva
MIDFIELDER","$89,872"
458,"Cristian Martinez
MIDFIELDER","$88,407"
459,"Jaylin Lindsey
DEFENDER","$88,000"
460,"Zachary Herivaux
MIDFIELDER","$87,352"
461,"David Choiniere
MIDFIELDER","$86,390"
462,"Julian Araujo
DEFENDER","$86,250"
463,"Aaron Herrera
DEFENDER","$86,000"
464,"Alfonso Ocampo-Chavez
FORWARD","$85,750"
465,"Nick Besler
MIDFIELDER","$85,000"
,"Kortne Ford
DEFENDER","$85,000"
467,"Juan Pablo Torres
MIDFIELDER","$84,750"
468,"Jon Kempin
GOALKEEPER","$84,269"
469,"Cole Bassett
MIDFIELDER","$84,000"
470,"Michael Baldisimo
MIDFIELDER","$83,013"
471,"Tyler Freeman
FORWARD","$82,750"
,"Memo Rodriguez
MIDFIELDER","$82,750"
473,"Hugo Arellano
DEFENDER","$82,574"
474,"Mark McKenzie
DEFENDER","$82,225"
475,"Derrick Etienne
MIDFIELDER","$82,063"
476,"Simon Colyn
MIDFIELDER","$81,250"
,"Sam Vines
DEFENDER","$81,250"
478,"Zachary Brault-Guillard
DEFENDER","$81,000"
479,"Sebastian Anderson
DEFENDER","$80,917"
480,"Derrick Jones
MIDFIELDER","$80,900"
481,"Cameron Lancaster
FORWARD","$80,671"
482,"Reggie Cannon
DEFENDER","$80,250"
,"Marco Farfan
DEFENDER","$80,250"
484,"Jalen Robinson
DEFENDER","$80,004"
485,"Cory Burke
FORWARD","$79,720"
486,"Jacori Hayes
MIDFIELDER","$79,163"
,"Niko Hansen
FORWARD","$79,163"
488,"George Bello
DEFENDER","$79,000"
489,"Romario Williams
FORWARD","$78,650"
490,"Ethan Zubak
FORWARD","$78,125"
491,"Joe Scally
DEFENDER","$78,067"
492,"Gedion Zelalem
MIDFIELDER","$77,917"
493,"Matt Freese
GOALKEEPER","$77,650"
494,"Forrest Lasso
DEFENDER","$77,583"
495,"Tyler Miller
GOALKEEPER","$77,565"
496,"Cody Cropper
GOALKEEPER","$77,520"
497,"Dayne St. Clair
GOALKEEPER","$77,253"
498,"Santiago Patino
FORWARD","$76,781"
499,"Bradford Jamieson
FORWARD","$76,403"
500,"Griffin Yow
FORWARD","$76,368"
501,"Theo Bair
FORWARD","$76,250"
,"Erik McCue
DEFENDER","$76,250"
503,"Jean-Christophe Koffi
MIDFIELDER","$76,031"
504,"Josh Perez
FORWARD","$76,000"
505,"Matt Turner
GOALKEEPER","$75,938"
506,"Liam Fraser
MIDFIELDER","$75,875"
507,"Efrain Alvarez
MIDFIELDER","$75,606"
508,"Isaac Angking
MIDFIELDER","$75,250"
509,"Oniel Fisher
MIDFIELDER","$74,917"
510,"Gabriel Slonina
GOALKEEPER","$74,800"
511,"Marcus Epps
MIDFIELDER","$74,542"
512,"Florian Valot
MIDFIELDER","$74,508"
513,"Antonio Bustamante
FORWARD","$74,485"
514,"Sebastien Ibeagha
DEFENDER","$74,250"
,"Tsubasa Endoh
MIDFIELDER","$74,250"
,"Deklan Wynne
DEFENDER","$74,250"
517,"Brett Levis
DEFENDER","$74,163"
518,"Eric Dick
GOALKEEPER","$73,700"
519,"Earl Edwards, Jr.
GOALKEEPER","$73,583"
520,"Vincent Bezecourt
MIDFIELDER","$73,296"
521,"Lagos Kunga
MIDFIELDER","$73,250"
522,"Tristan Blackmon
DEFENDER","$72,984"
523,"Diego Campos
MIDFIELDER","$72,825"
524,"Peter-Lee Vassell
MIDFIELDER","$72,750"
,"Amando Moreno
FORWARD","$72,750"
526,"Kevin Garcia
DEFENDER","$72,361"
,"Andre Rawls
GOALKEEPER","$72,361"
528,"Mikey Ambrose
DEFENDER","$72,352"
529,"Tony Rocha
DEFENDER","$72,347"
530,"Spencer Richey
GOALKEEPER","$71,667"
,"Matt Bersano
GOALKEEPER","$71,667"
532,"Luis Felipe
MIDFIELDER","$71,625"
533,"Nicolas Firmino
MIDFIELDER","$71,167"
534,"Brian Wright
FORWARD","$70,875"
,"Wan Kuzain
MIDFIELDER","$70,875"
,"Caleb Patterson-Sewell
GOALKEEPER","$70,875"
,"Kyle Zobeck
GOALKEEPER","$70,875"
,"Adam Grinwis
GOALKEEPER","$70,875"
,"Mason Stajduhar
GOALKEEPER","$70,875"
,"Eric Bird
MIDFIELDER","$70,875"
,"Oliver Mbaizo
DEFENDER","$70,875"
,"Andrew Putna
GOALKEEPER","$70,875"
,"Jimmy Ockford
DEFENDER","$70,875"
,"Jorge Corrales
DEFENDER","$70,875"
,"Jordy Delem
MIDFIELDER","$70,875"
,"Bryan Meredith
GOALKEEPER","$70,875"
547,"Nouhou Tolo
DEFENDER","$70,730"
548,"Hassan N'dam
DEFENDER","$70,260"
,"Anthony Fontana
MIDFIELDER","$70,260"
550,"Adrian Zendejas
GOALKEEPER","$70,250"
,"Quincy Amariwka
FORWARD","$70,250"
,"Daniel Bedoya
MIDFIELDER","$70,250"
,"Samuel Owusu
DEFENDER","$70,250"
,"Jon Bakero
FORWARD","$70,250"
,"Ryan Telfer
FORWARD","$70,250"
,"Nazmi Albadawi
MIDFIELDER","$70,250"
,"Corben Bone
MIDFIELDER","$70,250"
,"Justin Hoyte
DEFENDER","$70,250"
,"Jimmy McLaughlin
MIDFIELDER","$70,250"
,"Evan Louro
GOALKEEPER","$70,250"
,"Sean Melvin
GOALKEEPER","$70,250"
,"Jesus Ferreira
FORWARD","$70,250"
,"Callum Montgomery
DEFENDER","$70,250"
,"Bryan Reynolds
FORWARD","$70,250"
,"Greg Ranjitsingh
GOALKEEPER","$70,250"
,"Kyle Smith
DEFENDER","$70,250"
,"Maynor Figueroa
DEFENDER","$70,250"
,"Servando Carrasco
MIDFIELDER","$70,250"
,"Emil Cuello
MIDFIELDER","$70,250"
,"Matt Lampson
GOALKEEPER","$70,250"
,"Andres Flores
MIDFIELDER","$70,250"
,"Modou Jadama
DEFENDER","$70,250"
,"Kendall McIntosh
GOALKEEPER","$70,250"
,"Renzo Zambrano
MIDFIELDER","$70,250"
,"Jon Gallagher
FORWARD","$70,250"
,"Brendan Moore
GOALKEEPER","$70,250"
,"Erik Holt
DEFENDER","$70,250"
,"David Ochoa
GOALKEEPER","$70,250"
,"Justin Portillo
MIDFIELDER","$70,250"
,"Tate Schmitt
FORWARD","$70,250"
,"Stefan Cleveland
GOALKEEPER","$70,250"
,"Raheem Edwards
FORWARD","$70,250"
,"Lawrence Olum
DEFENDER","$70,250"
,"Kofi Opare
DEFENDER","$70,250"
,"Sam Raben
DEFENDER","$70,250"
,"Jason Beaulieu
GOALKEEPER","$70,250"
,"James Pantemis
GOALKEEPER","$70,250"
,"Saad Abdul-Salaam
DEFENDER","$70,250"
,"Jonathan Campbell
DEFENDER","$70,250"
,"Connor Maloney
DEFENDER","$70,250"
591,"Pierre Da Silva
MIDFIELDER","$70,248"
592,"Corey Baird
FORWARD","$70,008"
593,"Noble Okello
MIDFIELDER","$68,060"
594,"Sean Okonkwo
FORWARD","$67,256"
595,"Cade Cowell
FORWARD","$67,225"
596,"Clement Bayiha
MIDFIELDER","$67,125"
597,"Thomas Hasal
GOALKEEPER","$66,250"
,"Julian Vazquez
FORWARD","$66,250"
599,"Trey Muse
GOALKEEPER","$65,000"
600,"Andre Reynolds II
DEFENDER","$64,250"
601,"Jacob Akanyirige
DEFENDER","$64,225"
602,"Brandon Bye
DEFENDER","$63,245"
603,"Ben Mines
MIDFIELDER","$63,243"
604,"Abdul Rwatubyaye
DEFENDER","$62,625"
605,"Thomas Meilleur-Giguere
DEFENDER","$60,245"
606,"Daniel Kinumbe
DEFENDER","$60,166"
607,"Ken Krolicki
MIDFIELDER","$59,950"
608,"Rashawn Dally
MIDFIELDER","$59,659"
,"Ben Lundt
GOALKEEPER","$59,659"
610,"Logan Gdula
DEFENDER","$59,575"
611,"David Norman Jr.
MIDFIELDER","$58,225"
612,"Graham Smith
DEFENDER","$57,225"
,"Jeff Caldwell
GOALKEEPER","$57,225"
,"Aiden Daniels
MIDFIELDER","$57,225"
,"Julian Dunn
DEFENDER","$57,225"
,"Kyle Duncan
DEFENDER","$57,225"
,"Brian Wright
FORWARD","$57,225"
,"Michael Nelson
GOALKEEPER","$57,225"
,"Matthew Real
DEFENDER","$57,225"
,"Justin Vom Steeg
GOALKEEPER","$57,225"
,"Foster Langsdorf
FORWARD","$57,225"
,"Elliot Collier
FORWARD","$57,225"
,"Carter Manley
DEFENDER","$57,225"
,"Wyatt Omsberg
DEFENDER","$57,225"
,"Paul Marie
MIDFIELDER","$57,225"
,"Kevin Partida
MIDFIELDER","$57,225"
,"Niki Jackson
FORWARD","$57,225"
,"Handwalla Bwana
MIDFIELDER","$57,225"
,"Alex Roldan
MIDFIELDER","$57,225"
,"Luis Argudo
MIDFIELDER","$57,225"
,"Ben Lundgaard
GOALKEEPER","$57,225"
632,"DeJuan Jones
MIDFIELDER","$56,250"
,"Chris Odoi-Atsem
DEFENDER","$56,250"
,"Luis Barraza
GOALKEEPER","$56,250"
,"Justin Haak
MIDFIELDER","$56,250"
,"Abdi Mohamed
DEFENDER","$56,250"
,"Richmond Laryea
MIDFIELDER","$56,250"
,"Jimmy Hague
GOALKEEPER","$56,250"
,"Tommy McCabe
MIDFIELDER","$56,250"
,"Tom Barlow
FORWARD","$56,250"
,"Sean Nealis
DEFENDER","$56,250"
,"Brendan McDonough
DEFENDER","$56,250"
,"Kamal Miller
DEFENDER","$56,250"
,"Sam Junqua
DEFENDER","$56,250"
,"test Ngalina
MIDFIELDER","$56,250"
,"Diedie Traore
DEFENDER","$56,250"
,"Marvin Loria
MIDFIELDER","$56,250"
,"Dion Pereira
MIDFIELDER","$56,250"
,"Lamar Batista
DEFENDER","$56,250"
,"Phillip Ejimadu
GOALKEEPER","$56,250"
,"Adrien Perez
FORWARD","$56,250"
,"Javi Perez
FORWARD","$56,250"
,"Luis Arriaga
MIDFIELDER","$56,250"
,"Jeremiah Gutjahr
MIDFIELDER","$56,250"
,"Hassani Dotson
MIDFIELDER","$56,250"
,"Chase Gasper
DEFENDER","$56,250"
,"Ally Ng'Anzi
MIDFIELDER","$56,250"
,"Amar Sejdic
MIDFIELDER","$56,250"